dataset,comparison,models,positive_models,negative_models,mean_model_delta_psnr,median_model_delta_psnr,min_model_delta_psnr,max_model_delta_psnr
chamber,randomized - chamber,30,0,30,-5.46725336493821,-5.240387353870906,-9.517912458344322,-0.897929850633557
chamber,Andrew-depth - chamber,30,0,30,-5.591157331298857,-5.35604005653597,-9.568157718815213,-1.5631697177045372
chamber,Andrew-depth - randomized,30,12,18,-0.1239039663606469,-0.051643203088362476,-2.339764867546404,1.059973145359996
synthetic_randomized,randomized - chamber,30,30,0,6.411387501436528,6.27161796550209,2.6953370505679057,10.010074981079306
synthetic_randomized,Andrew-depth - chamber,30,30,0,4.129090793291094,3.878886299154028,2.442559881935914,6.442151985199286
synthetic_randomized,Andrew-depth - randomized,30,0,30,-2.2822967081454353,-2.077542213101943,-4.947216452680232,-0.10596497925035249
synthetic_depth,randomized - chamber,30,30,0,2.222489628392171,1.8871270319453433,0.24746123333145914,6.094312429371987
synthetic_depth,Andrew-depth - chamber,30,30,0,5.457414297046495,5.126748784034408,2.1662001451195434,10.387546257391104
synthetic_depth,Andrew-depth - randomized,30,30,0,3.234924668654324,3.407829993266125,0.2263334318603056,5.992452054489156
